Up,elastic_energy,fracture_energy,total_energy
1.000000000000000021e-03,1.189321874665728384e-07,5.083363484643240934e-03,5.083482416830707382e-03
2.000000000000000042e-03,4.757287498662913536e-07,5.083363484643240934e-03,5.083839213393107591e-03
3.000000000000000062e-03,1.070389687199155784e-06,5.083363484643240934e-03,5.084433874330439827e-03
4.000000000000000083e-03,1.902914999465165414e-06,5.083363484643240934e-03,5.085266399642705826e-03
5.000000000000000104e-03,2.973304686664321833e-06,5.083363484643240934e-03,5.086336789329905586e-03
6.000000000000000125e-03,4.281558748796623135e-06,5.083363484643240934e-03,5.087645043392037374e-03
7.000000000000000146e-03,5.827677185862068472e-06,5.083363484643240934e-03,5.089191161829102923e-03
8.000000000000000167e-03,7.611659997860661657e-06,5.083363484643240934e-03,5.090975144641101367e-03
9.000000000000001055e-03,9.633507184792403536e-06,5.083363484643240934e-03,5.092996991828033573e-03
1.000000000000000021e-02,1.189321874665728733e-05,5.083363484643240934e-03,5.095256703389897807e-03
1.099999999999999936e-02,1.439079468345531135e-05,5.083363484643240934e-03,5.097754279326696669e-03
1.200000000000000025e-02,1.712623499518649254e-05,5.083363484643240934e-03,5.100489719638427559e-03
1.300000000000000114e-02,2.009953968185081564e-05,5.083363484643240934e-03,5.103463024325091343e-03
1.400000000000000029e-02,2.331070874344827389e-05,5.083363484643240934e-03,5.106674193386688890e-03
1.499999999999999944e-02,2.675974217997889099e-05,5.083363484643240934e-03,5.110123226823220198e-03
1.600000000000000033e-02,3.044663999144264663e-05,5.083363484643240934e-03,5.113810124634683534e-03
1.700000000000000122e-02,3.437140217783955434e-05,5.083363484643240934e-03,5.117734886821080631e-03
1.800000000000000211e-02,3.853402873916961414e-05,5.083363484643240934e-03,5.121897513382410623e-03
1.899999999999999953e-02,4.293451967543280570e-05,5.083363484643240934e-03,5.126298004318673510e-03
2.000000000000000042e-02,4.757287498662914933e-05,5.083363484643240934e-03,5.130936359629870158e-03
2.100000000000000130e-02,5.244909467275863150e-05,5.083363484643240934e-03,5.135812579315999701e-03
2.199999999999999872e-02,5.756317873382124542e-05,5.083363484643240934e-03,5.140926663377062139e-03
2.299999999999999961e-02,6.291512716981702497e-05,5.083363484643240934e-03,5.146278611813058339e-03
2.400000000000000050e-02,6.850493998074597016e-05,5.083363484643240934e-03,5.151868424623986566e-03
2.500000000000000139e-02,7.433261716660805388e-05,5.083363484643240934e-03,5.157696101809848555e-03
2.600000000000000228e-02,8.039815872740326257e-05,5.083363484643240934e-03,5.163761643370644305e-03
2.699999999999999969e-02,8.670156466313160980e-05,5.083363484643240934e-03,5.170065049306372951e-03
2.800000000000000058e-02,9.324283497379309556e-05,5.083363484643240934e-03,5.176606319617033623e-03
2.900000000000000147e-02,1.000219696593878012e-04,5.083363484643240934e-03,5.183385454302628925e-03
2.999999999999999889e-02,1.070389687199155640e-04,5.083363484643240934e-03,5.190402453363156254e-03
3.099999999999999978e-02,1.142938321553765060e-04,5.083363484643240934e-03,5.197657316798617345e-03
3.200000000000000067e-02,1.217865599657705865e-04,5.083363484643240934e-03,5.205150044609011331e-03
3.300000000000000155e-02,1.295171521510978191e-04,5.083363484643240934e-03,5.212880636794339079e-03
3.400000000000000244e-02,1.374856087113582174e-04,5.083363484643240934e-03,5.220849093354598854e-03
3.500000000000000333e-02,1.456919296465517813e-04,5.083363484643240934e-03,5.229055414289792390e-03
3.600000000000000422e-02,1.541361149566784566e-04,5.083363484643240934e-03,5.237499599599919689e-03
3.699999999999999817e-02,1.628181646417381891e-04,5.083363484643240934e-03,5.246181649284979015e-03
3.799999999999999906e-02,1.717380787017312228e-04,5.083363484643240934e-03,5.255101563344972103e-03
3.899999999999999994e-02,1.808958571366573137e-04,5.083363484643240934e-03,5.264259341779898085e-03
4.000000000000000083e-02,1.902914999465165973e-04,5.083363484643240934e-03,5.273654984589757830e-03
4.100000000000000172e-02,1.999250071313089924e-04,5.083363484643240934e-03,5.283288491774549601e-03
4.200000000000000261e-02,2.097963786910345260e-04,5.083363484643240934e-03,5.293159863334275135e-03
4.300000000000000350e-02,2.199056146256932252e-04,5.083363484643240934e-03,5.303269099268934431e-03
4.399999999999999745e-02,2.302527149352849817e-04,5.083363484643240934e-03,5.313616199578525753e-03
4.499999999999999833e-02,2.408376796198099580e-04,5.083363484643240934e-03,5.324201164263050838e-03
4.599999999999999922e-02,2.516605086792680999e-04,5.083363484643240934e-03,5.335023993322508817e-03
4.700000000000000011e-02,2.627212021136594074e-04,5.083363484643240934e-03,5.346084686756900559e-03
4.800000000000000100e-02,2.740197599229838806e-04,5.083363484643240934e-03,5.357383244566225194e-03
4.900000000000000189e-02,2.855561821072414653e-04,5.083363484643240934e-03,5.368919666750482725e-03
5.000000000000000278e-02,2.973304686664322155e-04,5.083363484643240934e-03,5.380693953309673150e-03
5.100000000000000366e-02,3.093426196005560772e-04,5.083363484643240934e-03,5.392706104243797337e-03
5.200000000000000455e-02,3.215926349096130503e-04,5.083363484643240934e-03,5.404956119552854418e-03
5.299999999999999850e-02,3.340805145936031348e-04,5.083363484643240934e-03,5.417443999236844394e-03
5.399999999999999939e-02,3.468062586525264392e-04,5.083363484643240934e-03,5.430169743295767265e-03
5.500000000000000028e-02,3.597698670863828550e-04,5.083363484643240934e-03,5.443133351729623898e-03
5.600000000000000117e-02,3.729713398951723822e-04,5.083363484643240934e-03,5.456334824538413425e-03
5.700000000000000205e-02,3.864106770788951293e-04,5.083363484643240934e-03,5.469774161722135847e-03
5.800000000000000294e-02,4.000878786375512046e-04,5.083363484643240934e-03,5.483451363280792031e-03
5.900000000000000383e-02,4.140029445711401745e-04,5.083363484643240934e-03,5.497366429214381109e-03
5.999999999999999778e-02,4.281558748796622559e-04,5.083363484643240934e-03,5.511519359522903082e-03
6.099999999999999867e-02,4.425466695631176113e-04,5.083363484643240934e-03,5.525910154206358817e-03
6.199999999999999956e-02,4.571753286215060239e-04,5.083363484643240934e-03,5.540538813264746579e-03
6.300000000000000044e-02,4.720418520548276564e-04,5.083363484643240934e-03,5.555405336698068970e-03
6.400000000000000133e-02,4.871462398630823460e-04,5.083363484643240934e-03,5.570509724506323389e-03
6.500000000000000222e-02,5.024884920462703098e-04,5.083363484643240934e-03,5.585851976689511569e-03
6.600000000000000311e-02,5.180686086043912765e-04,5.083363484643240934e-03,5.601432093247631777e-03
6.700000000000000400e-02,5.338865895374455715e-04,5.083363484643240934e-03,5.617250074180686614e-03
6.800000000000000488e-02,5.499424348454328695e-04,5.083363484643240934e-03,5.633305919488673479e-03
6.900000000000000577e-02,5.662361445283533874e-04,5.083363484643240934e-03,5.649599629171594105e-03
7.000000000000000666e-02,5.827677185862071250e-04,5.083363484643240934e-03,5.666131203229448493e-03
7.100000000000000755e-02,5.995371570189939742e-04,5.083363484643240934e-03,5.682900641662234908e-03
7.200000000000000844e-02,6.165444598267138263e-04,5.083363484643240934e-03,5.699907944469955086e-03
7.299999999999999545e-02,6.337896270093666814e-04,5.083363484643240934e-03,5.717153111652607290e-03
7.399999999999999634e-02,6.512726585669527564e-04,5.083363484643240934e-03,5.734636143210193257e-03
7.499999999999999722e-02,6.689935544994723765e-04,5.083363484643240934e-03,5.752357039142712986e-03
7.599999999999999811e-02,6.869523148069248911e-04,5.083363484643240934e-03,5.770315799450165609e-03
7.699999999999999900e-02,7.051489394893105172e-04,5.083363484643240934e-03,5.788512424132551126e-03
7.799999999999999989e-02,7.235834285466292547e-04,5.083363484643240934e-03,5.806946913189870406e-03
7.900000000000000078e-02,7.422557819788812121e-04,5.083363484643240934e-03,5.825619266622122580e-03
8.000000000000000167e-02,7.611659997860663893e-04,5.083363484643240934e-03,5.844529484429307649e-03
8.100000000000000255e-02,7.803140819681846779e-04,5.083363484643240934e-03,5.863677566611425612e-03
8.200000000000000344e-02,7.997000285252359696e-04,5.083363484643240934e-03,5.883063513168477338e-03
8.300000000000000433e-02,8.193238394572203726e-04,5.083363484643240934e-03,5.902687324100461090e-03
8.400000000000000522e-02,8.391855147641381039e-04,5.083363484643240934e-03,5.922548999407379472e-03
8.500000000000000611e-02,8.592850544459889467e-04,5.083363484643240934e-03,5.942648539089229881e-03
8.600000000000000699e-02,8.796224585027729009e-04,5.083363484643240934e-03,5.962985943146014052e-03
8.700000000000000788e-02,9.001977269344901833e-04,5.083363484643240934e-03,5.983561211577731118e-03
8.799999999999999489e-02,9.210108597411399266e-04,5.083363484643240934e-03,6.004374344384381078e-03
8.899999999999999578e-02,9.420618569227234319e-04,5.083363484643240934e-03,6.025425341565963933e-03
8.999999999999999667e-02,9.633507184792398318e-04,5.083363484643240934e-03,6.046714203122480549e-03
9.099999999999999756e-02,9.848774444106895599e-04,5.083363484643240934e-03,6.068240929053930061e-03
9.199999999999999845e-02,1.006642034717072400e-03,5.083363484643240934e-03,6.090005519360313334e-03
9.299999999999999933e-02,1.028644489398388350e-03,5.083363484643240934e-03,6.112007974041629502e-03
9.400000000000000022e-02,1.050884808454637630e-03,5.083363484643240934e-03,6.134248293097878564e-03
9.500000000000000111e-02,1.073362991885820020e-03,5.083363484643240934e-03,6.156726476529060521e-03
9.600000000000000200e-02,1.096079039691935523e-03,5.083363484643240934e-03,6.179442524335176240e-03
9.700000000000000289e-02,1.119032951872983919e-03,5.083363484643240934e-03,6.202396436516224854e-03
9.800000000000000377e-02,1.142224728428965861e-03,5.083363484643240934e-03,6.225588213072206362e-03
9.900000000000000466e-02,1.165654369359880697e-03,5.083363484643240934e-03,6.249017854003121632e-03
1.000000000000000056e-01,1.189321874665728862e-03,5.083363484643240934e-03,6.272685359308969796e-03
1.010000000000000064e-01,1.213227244346509921e-03,5.083363484643240934e-03,6.296590728989750856e-03
1.020000000000000073e-01,1.237370478402224309e-03,5.083363484643240934e-03,6.320733963045464809e-03
1.030000000000000082e-01,1.261751576832871591e-03,5.083363484643240934e-03,6.345115061476112525e-03
1.040000000000000091e-01,1.286370539638452201e-03,5.083363484643240934e-03,6.369734024281693135e-03
1.049999999999999961e-01,1.311227366818965489e-03,5.083363484643240934e-03,6.394590851462206640e-03
1.059999999999999970e-01,1.336322058374412539e-03,5.083363484643240934e-03,6.419685543017653040e-03
1.069999999999999979e-01,1.361654614304792267e-03,5.083363484643240934e-03,6.445018098948033201e-03
1.079999999999999988e-01,1.387225034610105757e-03,5.083363484643240934e-03,6.470588519253346257e-03
1.089999999999999997e-01,1.413033319290351924e-03,5.083363484643240934e-03,6.496396803933593075e-03
1.100000000000000006e-01,1.439079468345531420e-03,5.083363484643240934e-03,6.522442952988772788e-03
1.110000000000000014e-01,1.465363481775644027e-03,5.083363484643240934e-03,6.548726966418885395e-03
1.120000000000000023e-01,1.491885359580689529e-03,5.083363484643240934e-03,6.575248844223930897e-03
1.130000000000000032e-01,1.518645101760668576e-03,5.083363484643240934e-03,6.602008586403909293e-03
1.140000000000000041e-01,1.545642708315580517e-03,5.083363484643240934e-03,6.629006192958821451e-03
1.150000000000000050e-01,1.572878179245425570e-03,5.083363484643240934e-03,6.656241663888666504e-03
1.160000000000000059e-01,1.600351514550204819e-03,5.083363484643240934e-03,6.683714999193445319e-03
1.170000000000000068e-01,1.628062714229916094e-03,5.083363484643240934e-03,6.711426198873157029e-03
1.180000000000000077e-01,1.656011778284560698e-03,5.083363484643240934e-03,6.739375262927801633e-03
1.190000000000000085e-01,1.684198706714138630e-03,5.083363484643240934e-03,6.767562191357379131e-03
1.199999999999999956e-01,1.712623499518649024e-03,5.083363484643240934e-03,6.795986984161889524e-03
1.209999999999999964e-01,1.741286156698092962e-03,5.083363484643240934e-03,6.824649641341333679e-03
1.219999999999999973e-01,1.770186678252470445e-03,5.083363484643240934e-03,6.853550162895711596e-03
1.229999999999999982e-01,1.799325064181780823e-03,5.083363484643240934e-03,6.882688548825021541e-03
1.239999999999999991e-01,1.828701314486024096e-03,5.083363484643240934e-03,6.912064799129265247e-03
1.250000000000000000e-01,1.858315429165200696e-03,5.083363484643240934e-03,6.941678913808441848e-03
1.260000000000000009e-01,1.888167408219310625e-03,5.083363484643240934e-03,6.971530892862551343e-03
1.270000000000000018e-01,1.918257251648353666e-03,5.083363484643240934e-03,7.001620736291594600e-03
1.280000000000000027e-01,1.948584959452329384e-03,5.083363484643240934e-03,7.031948444095570752e-03
1.290000000000000036e-01,1.979150531631238864e-03,5.083363484643240934e-03,7.062514016274479799e-03
1.300000000000000044e-01,2.009953968185081239e-03,5.083363484643240934e-03,7.093317452828321740e-03
1.310000000000000053e-01,2.040995269113856508e-03,5.083363484643240934e-03,7.124358753757097443e-03
1.320000000000000062e-01,2.072274434417565106e-03,5.083363484643240934e-03,7.155637919060806040e-03
1.330000000000000071e-01,2.103791464096207032e-03,5.083363484643240934e-03,7.187154948739447533e-03
1.340000000000000080e-01,2.135546358149782286e-03,5.083363484643240934e-03,7.218909842793023654e-03
1.350000000000000089e-01,2.167539116578290001e-03,5.083363484643240934e-03,7.250902601221530935e-03
1.360000000000000098e-01,2.199769739381731478e-03,5.083363484643240934e-03,7.283133224024972846e-03
1.370000000000000107e-01,2.232238226560105850e-03,5.083363484643240934e-03,7.315601711203346784e-03
1.380000000000000115e-01,2.264944578113413549e-03,5.083363484643240934e-03,7.348308062756654484e-03
1.390000000000000124e-01,2.297888794041654578e-03,5.083363484643240934e-03,7.381252278684895946e-03
1.400000000000000133e-01,2.331070874344828500e-03,5.083363484643240934e-03,7.414434358988069435e-03
1.410000000000000142e-01,2.364490819022935317e-03,5.083363484643240934e-03,7.447854303666175818e-03
1.420000000000000151e-01,2.398148628075975897e-03,5.083363484643240934e-03,7.481512112719216831e-03
1.430000000000000160e-01,2.432044301503948937e-03,5.083363484643240934e-03,7.515407786147189871e-03
1.440000000000000169e-01,2.466177839306855305e-03,5.083363484643240934e-03,7.549541323950095806e-03
1.449999999999999900e-01,2.500549241484693701e-03,5.083363484643240934e-03,7.583912726127934635e-03
1.459999999999999909e-01,2.535158508037466726e-03,5.083363484643240934e-03,7.618521992680708094e-03
1.469999999999999918e-01,2.570005638965172211e-03,5.083363484643240934e-03,7.653369123608413579e-03
1.479999999999999927e-01,2.605090634267811026e-03,5.083363484643240934e-03,7.688454118911051960e-03
1.489999999999999936e-01,2.640413493945383602e-03,5.083363484643240934e-03,7.723776978588624970e-03
1.499999999999999944e-01,2.675974217997889506e-03,5.083363484643240934e-03,7.759337702641130874e-03
1.509999999999999953e-01,2.711772806425327437e-03,5.083363484643240934e-03,7.795136291068567938e-03
1.519999999999999962e-01,2.747809259227699565e-03,5.083363484643240934e-03,7.831172743870941366e-03
1.529999999999999971e-01,2.784083576405003719e-03,5.083363484643240934e-03,7.867447061048244220e-03
1.539999999999999980e-01,2.820595757957242069e-03,5.083363484643240934e-03,7.903959242600483437e-03
1.549999999999999989e-01,2.857345803884412012e-03,5.083363484643240934e-03,7.940709288527653814e-03
1.559999999999999998e-01,2.894333714186517019e-03,5.083363484643240934e-03,7.977697198829757086e-03
1.570000000000000007e-01,2.931559488863554053e-03,5.083363484643240934e-03,8.014922973506794987e-03
1.580000000000000016e-01,2.969023127915524848e-03,5.083363484643240934e-03,8.052386612558765783e-03
1.590000000000000024e-01,3.006724631342427671e-03,5.083363484643240934e-03,8.090088115985667738e-03
1.600000000000000033e-01,3.044663999144265557e-03,5.083363484643240934e-03,8.128027483787506058e-03
1.610000000000000042e-01,3.082841231321034603e-03,5.083363484643240934e-03,8.166204715964275537e-03
1.620000000000000051e-01,3.121256327872738712e-03,5.083363484643240934e-03,8.204619812515979646e-03
1.630000000000000060e-01,3.159909288799373113e-03,5.083363484643240934e-03,8.243272773442614915e-03
1.640000000000000069e-01,3.198800114100943878e-03,5.083363484643240934e-03,8.282163598744184813e-03
1.650000000000000078e-01,3.237928803777445803e-03,5.083363484643240934e-03,8.321292288420687605e-03
1.660000000000000087e-01,3.277295357828881490e-03,5.083363484643240934e-03,8.360658842472123292e-03
1.670000000000000095e-01,3.316899776255250072e-03,5.083363484643240934e-03,8.400263260898491874e-03
1.680000000000000104e-01,3.356742059056552416e-03,5.083363484643240934e-03,8.440105543699793350e-03
1.690000000000000113e-01,3.396822206232786787e-03,5.083363484643240934e-03,8.480185690876027721e-03
1.700000000000000122e-01,3.437140217783955787e-03,5.083363484643240934e-03,8.520503702427196721e-03
1.710000000000000131e-01,3.477696093710057682e-03,5.083363484643240934e-03,8.561059578353298616e-03
1.720000000000000140e-01,3.518489834011091603e-03,5.083363484643240934e-03,8.601853318654331670e-03
1.730000000000000149e-01,3.559521438687059721e-03,5.083363484643240934e-03,8.642884923330301089e-03
1.740000000000000158e-01,3.600790907737960733e-03,5.083363484643240934e-03,8.684154392381201668e-03
1.750000000000000167e-01,3.642298241163794640e-03,5.083363484643240934e-03,8.725661725807035141e-03
1.759999999999999898e-01,3.684043438964559707e-03,5.083363484643240934e-03,8.767406923607799774e-03
1.769999999999999907e-01,3.726026501140260704e-03,5.083363484643240934e-03,8.809389985783500771e-03
1.779999999999999916e-01,3.768247427690893728e-03,5.083363484643240934e-03,8.851610912334134662e-03
1.789999999999999925e-01,3.810706218616460948e-03,5.083363484643240934e-03,8.894069703259701448e-03
1.799999999999999933e-01,3.853402873916959327e-03,5.083363484643240934e-03,8.936766358560201129e-03
1.809999999999999942e-01,3.896337393592393204e-03,5.083363484643240934e-03,8.979700878235633704e-03
1.819999999999999951e-01,3.939509777642758240e-03,5.083363484643240934e-03,9.022873262285999174e-03
1.829999999999999960e-01,3.982920026068058339e-03,5.083363484643240934e-03,9.066283510711299273e-03
1.839999999999999969e-01,4.026568138868289598e-03,5.083363484643240934e-03,9.109931623511530532e-03
1.849999999999999978e-01,4.070454116043455486e-03,5.083363484643240934e-03,9.153817600686696421e-03
1.859999999999999987e-01,4.114577957593553402e-03,5.083363484643240934e-03,9.197941442236793469e-03
1.869999999999999996e-01,4.158939663518585947e-03,5.083363484643240934e-03,9.242303148161826881e-03
1.880000000000000004e-01,4.203539233818550519e-03,5.083363484643240934e-03,9.286902718461791453e-03
1.890000000000000013e-01,4.248376668493447986e-03,5.083363484643240934e-03,9.331740153136688920e-03
1.900000000000000022e-01,4.293451967543280082e-03,5.083363484643240934e-03,9.376815452186521016e-03
1.910000000000000031e-01,4.338765130968045072e-03,5.083363484643240934e-03,9.422128615611286007e-03
1.920000000000000040e-01,4.384316158767742090e-03,5.083363484643240934e-03,9.467679643410983892e-03
1.930000000000000049e-01,4.430105050942372003e-03,5.083363484643240934e-03,9.513468535585612937e-03
1.940000000000000058e-01,4.476131807491935677e-03,5.083363484643240934e-03,9.559495292135176611e-03
1.950000000000000067e-01,4.522396428416432246e-03,5.083363484643240934e-03,9.605759913059673180e-03
1.960000000000000075e-01,4.568898913715863444e-03,5.083363484643240934e-03,9.652262398359104378e-03
1.970000000000000084e-01,4.615639263390225802e-03,5.083363484643240934e-03,9.699002748033466736e-03
1.980000000000000093e-01,4.662617477439522790e-03,5.083363484643240934e-03,9.745980962082763724e-03
1.990000000000000102e-01,4.709833555863751804e-03,5.083363484643240934e-03,9.793197040506993606e-03
2.000000000000000111e-01,4.757287498662915448e-03,5.083363484643240934e-03,9.840650983306156382e-03
2.010000000000000120e-01,4.804979305837009385e-03,5.083363484643240934e-03,9.888342790480250319e-03
2.020000000000000129e-01,4.852908977386039685e-03,5.083363484643240934e-03,9.936272462029280619e-03
2.030000000000000138e-01,4.901076513310001145e-03,5.083363484643240934e-03,9.984439997953242080e-03
2.040000000000000147e-01,4.949481913608897235e-03,5.083363484643240934e-03,1.003284539825213817e-02
2.050000000000000155e-01,4.998125178282724485e-03,5.083363484643240934e-03,1.008148866292596542e-02
2.060000000000000164e-01,5.047006307331486363e-03,5.083363484643240934e-03,1.013036979197472730e-02
2.070000000000000173e-01,5.096125300755180269e-03,5.083363484643240934e-03,1.017948878539842034e-02
2.080000000000000182e-01,5.145482158553808805e-03,5.083363484643240934e-03,1.022884564319704974e-02
2.089999999999999913e-01,5.195076880727368500e-03,5.083363484643240934e-03,1.027844036537060857e-02
2.099999999999999922e-01,5.244909467275861957e-03,5.083363484643240934e-03,1.032827295191910202e-02
2.109999999999999931e-01,5.294979918199290043e-03,5.083363484643240934e-03,1.037834340284253185e-02
2.119999999999999940e-01,5.345288233497650157e-03,5.083363484643240934e-03,1.042865171814089109e-02
2.129999999999999949e-01,5.395834413170944033e-03,5.083363484643240934e-03,1.047919789781418497e-02
2.139999999999999958e-01,5.446618457219169068e-03,5.083363484643240934e-03,1.052998194186241000e-02
2.149999999999999967e-01,5.497640365642330468e-03,5.083363484643240934e-03,1.058100385028557140e-02
2.159999999999999976e-01,5.548900138440423027e-03,5.083363484643240934e-03,1.063226362308366396e-02
2.169999999999999984e-01,5.600397775613450216e-03,5.083363484643240934e-03,1.068376126025669115e-02
2.179999999999999993e-01,5.652133277161407697e-03,5.083363484643240934e-03,1.073549676180464776e-02
2.190000000000000002e-01,5.704106643084300675e-03,5.083363484643240934e-03,1.078747012772754074e-02
2.200000000000000011e-01,5.756317873382125680e-03,5.083363484643240934e-03,1.083968135802536661e-02
2.210000000000000020e-01,5.808766968054884447e-03,5.083363484643240934e-03,1.089213045269812538e-02
2.220000000000000029e-01,5.861453927102576109e-03,5.083363484643240934e-03,1.094481741174581704e-02
2.230000000000000038e-01,5.914378750525202399e-03,5.083363484643240934e-03,1.099774223516844333e-02
2.240000000000000047e-01,5.967541438322758116e-03,5.083363484643240934e-03,1.105090492296599905e-02
2.250000000000000056e-01,6.020941990495251063e-03,5.083363484643240934e-03,1.110430547513849286e-02
2.260000000000000064e-01,6.074580407042674303e-03,5.083363484643240934e-03,1.115794389168591610e-02
2.270000000000000073e-01,6.128456687965033040e-03,5.083363484643240934e-03,1.121182017260827397e-02
2.280000000000000082e-01,6.182570833262322069e-03,5.083363484643240934e-03,1.126593431790556300e-02
2.290000000000000091e-01,6.236922842934547462e-03,5.083363484643240934e-03,1.132028632757778840e-02
2.300000000000000100e-01,6.291512716981702280e-03,5.083363484643240934e-03,1.137487620162494321e-02
2.310000000000000109e-01,6.346340455403793462e-03,5.083363484643240934e-03,1.142970394004703440e-02
2.320000000000000118e-01,6.401406058200819274e-03,5.083363484643240934e-03,1.148476954284406021e-02
2.330000000000000127e-01,6.456709525372774511e-03,5.083363484643240934e-03,1.154007301001601545e-02
2.340000000000000135e-01,6.512250856919664377e-03,5.083363484643240934e-03,1.159561434156290531e-02
2.350000000000000144e-01,6.568030052841487137e-03,5.083363484643240934e-03,1.165139353748472807e-02
2.360000000000000153e-01,6.624047113138242793e-03,5.083363484643240934e-03,1.170741059778148373e-02
2.370000000000000162e-01,6.680302037809931343e-03,5.083363484643240934e-03,1.176366552245317228e-02
2.380000000000000171e-01,6.736794826856554522e-03,5.083363484643240934e-03,1.182015831149979546e-02
2.390000000000000180e-01,6.793525480278108861e-03,5.083363484643240934e-03,1.187688896492134979e-02
2.399999999999999911e-01,6.850493998074596094e-03,5.083363484643240934e-03,1.193385748271783703e-02
2.409999999999999920e-01,6.907700380246016222e-03,5.083363484643240934e-03,1.199106386488925716e-02
2.419999999999999929e-01,6.965144626792371847e-03,5.083363484643240934e-03,1.204850811143561365e-02
2.429999999999999938e-01,7.022826737713658632e-03,5.083363484643240934e-03,1.210619022235689957e-02
2.439999999999999947e-01,7.080746713009881781e-03,5.083363484643240934e-03,1.216411019765312185e-02
2.449999999999999956e-01,7.138904552681033487e-03,5.083363484643240934e-03,1.222226803732427355e-02
2.459999999999999964e-01,7.197300256727123292e-03,5.083363484643240934e-03,1.228066374137036509e-02
2.469999999999999973e-01,7.255933825148141655e-03,5.083363484643240934e-03,1.233929730979138259e-02
2.479999999999999982e-01,7.314805257944096382e-03,5.083363484643240934e-03,1.239816874258733645e-02
2.489999999999999991e-01,7.373914555114982269e-03,5.083363484643240934e-03,1.245727803975822320e-02
2.500000000000000000e-01,7.433261716660802786e-03,5.083363484643240934e-03,1.251662520130404285e-02
2.510000000000000009e-01,7.492846742581557064e-03,5.083363484643240934e-03,1.257621022722479887e-02
2.520000000000000018e-01,7.552669632877242502e-03,5.083363484643240934e-03,1.263603311752048430e-02
2.530000000000000027e-01,7.612730387547861702e-03,5.083363484643240934e-03,1.269609387219110264e-02
2.540000000000000036e-01,7.673029006593414664e-03,5.083363484643240934e-03,1.275639249123665560e-02
2.550000000000000044e-01,7.733565490013900520e-03,5.083363484643240934e-03,1.281692897465714145e-02
2.560000000000000053e-01,7.794339837809317537e-03,5.083363484643240934e-03,1.287770332245255847e-02
2.570000000000000062e-01,7.855352049979672652e-03,5.083363484643240934e-03,1.293871553462291359e-02
2.580000000000000071e-01,7.916602126524955457e-03,5.083363484643240934e-03,1.299996561116819639e-02
2.590000000000000080e-01,7.978090067445174627e-03,5.083363484643240934e-03,1.306145355208841556e-02
2.600000000000000089e-01,8.039815872740324956e-03,5.083363484643240934e-03,1.312317935738356589e-02
2.610000000000000098e-01,8.101779542410409915e-03,5.083363484643240934e-03,1.318514302705365085e-02
2.620000000000000107e-01,8.163981076455426034e-03,5.083363484643240934e-03,1.324734456109866697e-02
2.630000000000000115e-01,8.226420474875380251e-03,5.083363484643240934e-03,1.330978395951862119e-02
2.640000000000000124e-01,8.289097737670260424e-03,5.083363484643240934e-03,1.337246122231350136e-02
2.650000000000000133e-01,8.352012864840080431e-03,5.083363484643240934e-03,1.343537634948332136e-02
2.660000000000000142e-01,8.415165856384828127e-03,5.083363484643240934e-03,1.349852934102806906e-02
2.670000000000000151e-01,8.478556712304512188e-03,5.083363484643240934e-03,1.356192019694775312e-02
2.680000000000000160e-01,8.542185432599129144e-03,5.083363484643240934e-03,1.362554891724237008e-02
2.690000000000000169e-01,8.606052017268678994e-03,5.083363484643240934e-03,1.368941550191191993e-02
2.700000000000000178e-01,8.670156466313160004e-03,5.083363484643240934e-03,1.375351995095640094e-02
2.710000000000000187e-01,8.734498779732579113e-03,5.083363484643240934e-03,1.381786226437582005e-02
2.720000000000000195e-01,8.799078957526925912e-03,5.083363484643240934e-03,1.388244244217016685e-02
2.730000000000000204e-01,8.863896999696209075e-03,5.083363484643240934e-03,1.394726048433945001e-02
2.740000000000000213e-01,8.928952906240423398e-03,5.083363484643240934e-03,1.401231639088366433e-02
2.750000000000000222e-01,8.994246677159572351e-03,5.083363484643240934e-03,1.407761016180281329e-02
2.760000000000000231e-01,9.059778312453654198e-03,5.083363484643240934e-03,1.414314179709689513e-02
2.770000000000000240e-01,9.125547812122668939e-03,5.083363484643240934e-03,1.420891129676590987e-02
2.780000000000000249e-01,9.191555176166618310e-03,5.083363484643240934e-03,1.427491866080985924e-02
2.790000000000000258e-01,9.257800404585498841e-03,5.083363484643240934e-03,1.434116388922873978e-02
2.800000000000000266e-01,9.324283497379314001e-03,5.083363484643240934e-03,1.440764698202255494e-02
2.810000000000000275e-01,9.391004454548060321e-03,5.083363484643240934e-03,1.447436793919130125e-02
2.820000000000000284e-01,9.457963276091741270e-03,5.083363484643240934e-03,1.454132676073498220e-02
2.830000000000000293e-01,9.525159962010355114e-03,5.083363484643240934e-03,1.460852344665359605e-02
2.840000000000000302e-01,9.592594512303903587e-03,5.083363484643240934e-03,1.467595799694714452e-02
2.850000000000000311e-01,9.660266926972381485e-03,5.083363484643240934e-03,1.474363041161562242e-02
2.860000000000000320e-01,9.728177206015795747e-03,5.083363484643240934e-03,1.481154069065903668e-02
2.870000000000000329e-01,9.796325349434141169e-03,5.083363484643240934e-03,1.487968883407738210e-02
2.880000000000000338e-01,9.864711357227421221e-03,5.083363484643240934e-03,1.494807484187066215e-02
2.889999999999999791e-01,9.933335229395632432e-03,5.083363484643240934e-03,1.501669871403887337e-02
2.899999999999999800e-01,1.000219696593877480e-02,5.083363484643240934e-03,1.508556045058201574e-02
2.909999999999999809e-01,1.007129656685685354e-02,5.083363484643240934e-03,1.515466005150009447e-02
2.919999999999999818e-01,1.014063403214986690e-02,5.083363484643240934e-03,1.522399751679310784e-02
2.929999999999999827e-01,1.021020936181781316e-02,5.083363484643240934e-03,1.529357284646105410e-02
2.939999999999999836e-01,1.028002255586068885e-02,5.083363484643240934e-03,1.536338604050392978e-02
2.949999999999999845e-01,1.035007361427850089e-02,5.083363484643240934e-03,1.543343709892174183e-02
2.959999999999999853e-01,1.042036253707124410e-02,5.083363484643240934e-03,1.550372602171448504e-02
2.969999999999999862e-01,1.049088932423892367e-02,5.083363484643240934e-03,1.557425280888216461e-02
2.979999999999999871e-01,1.056165397578153441e-02,5.083363484643240934e-03,1.564501746042477534e-02
2.989999999999999880e-01,1.063265649169907803e-02,5.083363484643240934e-03,1.571601997634231723e-02
2.999999999999999889e-01,1.070389687199155802e-02,5.083363484643240934e-03,1.578726035663479896e-02
3.009999999999999898e-01,1.077537511665896744e-02,5.083363484643240934e-03,1.585873860130220664e-02
3.019999999999999907e-01,1.084709122570130975e-02,5.083363484643240934e-03,1.593045471034455068e-02
3.029999999999999916e-01,1.091904519911858495e-02,5.083363484643240934e-03,1.600240868376182762e-02
3.039999999999999925e-01,1.099123703691079826e-02,5.083363484643240934e-03,1.607460052155403746e-02
3.049999999999999933e-01,1.106366673907793925e-02,5.083363484643240934e-03,1.614703022372118019e-02
3.059999999999999942e-01,1.113633430562001488e-02,5.083363484643240934e-03,1.621969779026325581e-02
3.069999999999999951e-01,1.120923973653702166e-02,5.083363484643240934e-03,1.629260322118026433e-02
3.079999999999999960e-01,1.128238303182896828e-02,5.083363484643240934e-03,1.636574651647220921e-02
3.089999999999999969e-01,1.135576419149584258e-02,5.083363484643240934e-03,1.643912767613908352e-02
3.099999999999999978e-01,1.142938321553764805e-02,5.083363484643240934e-03,1.651274670018088725e-02
3.109999999999999987e-01,1.150324010395439162e-02,5.083363484643240934e-03,1.658660358859763428e-02
3.119999999999999996e-01,1.157733485674606808e-02,5.083363484643240934e-03,1.666069834138930728e-02
3.130000000000000004e-01,1.165166747391267570e-02,5.083363484643240934e-03,1.673503095855591663e-02
3.140000000000000013e-01,1.172623795545421621e-02,5.083363484643240934e-03,1.680960144009745888e-02
3.150000000000000022e-01,1.180104630137069309e-02,5.083363484643240934e-03,1.688440978601393402e-02
3.160000000000000031e-01,1.187609251166209939e-02,5.083363484643240934e-03,1.695945599630534206e-02
3.170000000000000040e-01,1.195137658632844033e-02,5.083363484643240934e-03,1.703474007097167953e-02
3.180000000000000049e-01,1.202689852536971069e-02,5.083363484643240934e-03,1.711026201001294988e-02
3.190000000000000058e-01,1.210265832878592435e-02,5.083363484643240934e-03,1.718602181342916702e-02
3.200000000000000067e-01,1.217865599657706223e-02,5.083363484643240934e-03,1.726201948122030316e-02
3.210000000000000075e-01,1.225489152874313301e-02,5.083363484643240934e-03,1.733825501338637221e-02
3.220000000000000084e-01,1.233136492528413841e-02,5.083363484643240934e-03,1.741472840992738108e-02
3.230000000000000093e-01,1.240807618620008018e-02,5.083363484643240934e-03,1.749143967084332285e-02
3.240000000000000102e-01,1.248502531149095485e-02,5.083363484643240934e-03,1.756838879613419752e-02
3.250000000000000111e-01,1.256221230115675720e-02,5.083363484643240934e-03,1.764557578579999814e-02
3.260000000000000120e-01,1.263963715519749245e-02,5.083363484643240934e-03,1.772300063984073165e-02
3.270000000000000129e-01,1.271729987361317100e-02,5.083363484643240934e-03,1.780066335825641194e-02
3.280000000000000138e-01,1.279520045640377551e-02,5.083363484643240934e-03,1.787856394104701818e-02
3.290000000000000147e-01,1.287333890356931292e-02,5.083363484643240934e-03,1.795670238821255385e-02
3.300000000000000155e-01,1.295171521510978321e-02,5.083363484643240934e-03,1.803507869975302241e-02
3.310000000000000164e-01,1.303032939102519161e-02,5.083363484643240934e-03,1.811369287566843428e-02
3.320000000000000173e-01,1.310918143131552596e-02,5.083363484643240934e-03,1.819254491595876516e-02
3.330000000000000182e-01,1.318827133598079668e-02,5.083363484643240934e-03,1.827163482062403588e-02
3.340000000000000191e-01,1.326759910502100029e-02,5.083363484643240934e-03,1.835096258966423949e-02
3.350000000000000200e-01,1.334716473843614026e-02,5.083363484643240934e-03,1.843052822307938293e-02
3.360000000000000209e-01,1.342696823622620966e-02,5.083363484643240934e-03,1.851033172086945233e-02
3.370000000000000218e-01,1.350700959839121196e-02,5.083363484643240934e-03,1.859037308303445463e-02
3.380000000000000226e-01,1.358728882493114715e-02,5.083363484643240934e-03,1.867065230957438982e-02
3.390000000000000235e-01,1.366780591584602043e-02,5.083363484643240934e-03,1.875116940048926137e-02
3.400000000000000244e-01,1.374856087113582315e-02,5.083363484643240934e-03,1.883192435577906582e-02
3.410000000000000253e-01,1.382955369080055875e-02,5.083363484643240934e-03,1.891291717544379969e-02
3.420000000000000262e-01,1.391078437484023073e-02,5.083363484643240934e-03,1.899414785948347340e-02
3.430000000000000271e-01,1.399225292325483386e-02,5.083363484643240934e-03,1.907561640789807306e-02
3.440000000000000280e-01,1.407395933604436641e-02,5.083363484643240934e-03,1.915732282068760561e-02
3.450000000000000289e-01,1.415590361320883186e-02,5.083363484643240934e-03,1.923926709785207106e-02
3.460000000000000298e-01,1.423808575474823888e-02,5.083363484643240934e-03,1.932144923939147982e-02
3.470000000000000306e-01,1.432050552965627270e-02,5.083363478865098213e-03,1.940386900852137178e-02
3.480000000000000315e-01,1.440268737684779338e-02,5.083360247587490749e-03,1.948604762443528413e-02
3.490000000000000324e-01,1.448467813056629472e-02,5.083380145346592591e-03,1.956805827591288904e-02
3.500000000000000333e-01,1.456660109882414525e-02,5.083444301881450723e-03,1.965004540070559511e-02
3.510000000000000342e-01,1.464851106773060706e-02,5.083567457752406066e-03,1.973207852548301139e-02
3.519999999999999796e-01,1.473043895074459611e-02,5.083760706608502281e-03,1.981419965735310013e-02
3.529999999999999805e-01,1.481241316143205866e-02,5.084032346273640451e-03,1.989644550770569911e-02
3.539999999999999813e-01,1.489445010968049390e-02,5.084388715322411129e-03,1.997883882500290503e-02
3.549999999999999822e-01,1.497657127373601231e-02,5.084834020921433738e-03,2.006140529465744518e-02
3.559999999999999831e-01,1.505878828283582598e-02,5.085371355481371758e-03,2.014415963831719947e-02
3.569999999999999840e-01,1.514112254409579264e-02,5.086001935928317202e-03,2.022712448002410984e-02
3.579999999999999849e-01,1.522357181641813967e-02,5.086727425638532321e-03,2.031029924205667025e-02
3.589999999999999858e-01,1.530615628476084296e-02,5.087546914417181813e-03,2.039370319917802390e-02
3.599999999999999867e-01,1.538888155792400916e-02,5.088460096210637058e-03,2.047734165413464535e-02
3.609999999999999876e-01,1.547174931624147390e-02,5.089466523272851220e-03,2.056121583951432685e-02
3.619999999999999885e-01,1.555476787164475003e-02,5.090565016114427521e-03,2.064533288775917755e-02
3.629999999999999893e-01,1.563794042720332428e-02,5.091755253944214507e-03,2.072969568114754052e-02
3.639999999999999902e-01,1.572126301631683945e-02,5.093038973260646807e-03,2.081430198957748626e-02
3.649999999999999911e-01,1.580471950729127328e-02,5.094421518601211472e-03,2.089914102589248562e-02
3.659999999999999920e-01,1.588830449093679709e-02,5.095910953736976917e-03,2.098421544467377400e-02
3.669999999999999929e-01,1.597200644830751304e-02,5.097519888881735586e-03,2.106952633718924689e-02
3.679999999999999938e-01,1.605586026906932057e-02,5.099245996473824108e-03,2.115510626554314294e-02
3.689999999999999947e-01,1.613990014422139047e-02,5.101071962579169575e-03,2.124097210680055831e-02
3.699999999999999956e-01,1.622416224729952144e-02,5.102982421715767172e-03,2.132714466901528688e-02
