x,u,alpha
-5.000000000000000000e-01,0.000000000000000000e+00,5.841400695974315743e-02
-4.899999999999999911e-01,6.354528564425641002e-07,5.844969950202068970e-02
-4.799999999999999822e-01,1.271002589075631526e-06,5.855753485316873841e-02
-4.699999999999999734e-01,1.906748198347907797e-06,5.873980227245629432e-02
-4.600000000000000200e-01,2.542792984205795117e-06,5.900037115460345788e-02
-4.500000000000000111e-01,3.179246824901490823e-06,5.934477317629496818e-02
-4.400000000000000022e-01,3.816228615251929753e-06,5.978031973277360411e-02
-4.299999999999999933e-01,4.453868925387888226e-06,6.031625715783642955e-02
-4.199999999999999845e-01,5.092312948328411081e-06,6.096396302276280155e-02
-4.100000000000000311e-01,5.731723814555650113e-06,6.173718768189417200e-02
-4.000000000000000222e-01,6.372286364717086280e-06,6.265234619328514942e-02
-3.900000000000000133e-01,7.014211488428750150e-06,6.372886681245966412e-02
-3.800000000000000044e-01,7.657741158966739010e-06,6.498960345855638032e-02
-3.699999999999999956e-01,8.303154321881765716e-06,6.646132091055297064e-02
-3.599999999999999867e-01,8.950773832269017527e-06,6.817526303568409440e-02
-3.499999999999999778e-01,9.600974683359265449e-06,7.016781611542956265e-02
-3.399999999999999689e-01,1.025419383214916386e-05,7.248128135402502614e-02
-3.299999999999999600e-01,1.091094201141680378e-05,7.516477297326651374e-02
-3.200000000000000067e-01,1.157181802942663353e-05,7.827526096474622663e-02
-3.099999999999999978e-01,1.223752621005582639e-05,8.187878064329520700e-02
-2.999999999999999889e-01,1.290889783317802373e-05,8.605183468868210506e-02
-2.900000000000000355e-01,1.358691772181607019e-05,9.088301745192564618e-02
-2.800000000000000266e-01,1.427275752457756936e-05,9.647489602496985006e-02
-2.700000000000000178e-01,1.496781781357851440e-05,1.029461880285114650e-01
-2.600000000000000089e-01,1.567378194354326492e-05,1.104342823787072964e-01
-2.500000000000000000e-01,1.639268582965394070e-05,1.190981565837508638e-01
-2.399999999999999911e-01,1.712700961349829479e-05,1.291217525514030129e-01
-2.299999999999999822e-01,1.787979994977424066e-05,1.407178826384493098e-01
-2.199999999999999734e-01,1.865483595522782198e-05,1.541327489510343762e-01
-2.100000000000000200e-01,1.945685874735887216e-05,1.696511719520818195e-01
-2.000000000000000111e-01,2.029189581245774096e-05,1.876026395278746484e-01
-1.900000000000000022e-01,2.116773057105384063e-05,2.083682686879707036e-01
-1.799999999999999933e-01,2.209460077700409195e-05,2.323885686375656567e-01
-1.699999999999999845e-01,2.308626772761608335e-05,2.601702878994913148e-01
-1.599999999999999756e-01,2.416160482744742470e-05,2.922218358173198083e-01
-1.499999999999999667e-01,2.534686618125439828e-05,3.289309446799414949e-01
-1.400000000000000133e-01,2.667919628357282006e-05,3.705484637374823476e-01
-1.300000000000000044e-01,2.821234331799922314e-05,4.170927282501427080e-01
-1.199999999999999956e-01,3.002615541802757901e-05,4.682873009210423154e-01
-1.099999999999999867e-01,3.224443602011186656e-05,5.238193697892454814e-01
-9.999999999999997780e-02,3.507273039362038058e-05,5.835736644355768998e-01
-8.999999999999996891e-02,3.887269341529225013e-05,6.463522359661040273e-01
-8.000000000000001554e-02,4.430899236046194876e-05,7.098196963959028105e-01
-7.000000000000000666e-02,5.269700309310710364e-05,7.718686843862999636e-01
-5.999999999999999778e-02,6.699541630621309938e-05,8.311461912339623836e-01
-4.999999999999998890e-02,9.553758421845494819e-05,8.878778340772008892e-01
-3.999999999999998002e-02,1.698165173692899488e-04,9.379566360973323746e-01
-2.999999999999997113e-02,4.545225492950303149e-04,9.730995874798442635e-01
-2.000000000000001776e-02,2.498862179295536015e-03,9.937600144374353350e-01
-1.000000000000000888e-02,5.232634063703722055e-02,9.998193423004804181e-01
0.000000000000000000e+00,5.978337219280214221e-01,9.998188806555301511e-01
1.000000000000000888e-02,6.475047103629869572e-01,9.937493900810334679e-01
2.000000000000001776e-02,6.495452894580211467e-01,9.730795779503886855e-01
3.000000000000002665e-02,6.498296497431158558e-01,9.379225624301654740e-01
4.000000000000003553e-02,6.499038640583082449e-01,8.878360918072636387e-01
5.000000000000004441e-02,6.499323886910304271e-01,8.311015790230886768e-01
6.000000000000005329e-02,6.499466804150925148e-01,7.718204019203835919e-01
7.000000000000006217e-02,6.499550652062634493e-01,7.097684772266965592e-01
7.999999999999996003e-02,6.499604997522848704e-01,6.462996284875401898e-01
8.999999999999996891e-02,6.499642986819837986e-01,5.835215468422306762e-01
9.999999999999997780e-02,6.499671263310775604e-01,5.237696446099797676e-01
1.099999999999999867e-01,6.499693441887615108e-01,4.682409338557379508e-01
1.199999999999999956e-01,6.499711577104493321e-01,4.170498525527636113e-01
1.300000000000000044e-01,6.499726906501619439e-01,3.705093594733543938e-01
1.400000000000000133e-01,6.499740228278372278e-01,3.288956485153490261e-01
1.500000000000000222e-01,6.499752079739974375e-01,2.921901230034669728e-01
1.600000000000000311e-01,6.499762832217679254e-01,2.601418696484696369e-01
1.700000000000000400e-01,6.499772748176556592e-01,2.323629721401178627e-01
1.800000000000000488e-01,6.499782016297256382e-01,2.083449624526715338e-01
1.900000000000000577e-01,6.499790774155451700e-01,1.875811294799287487e-01
2.000000000000000666e-01,6.499799124102384473e-01,1.696310017589454933e-01
2.099999999999999645e-01,6.499807143953010291e-01,1.541134902368117843e-01
2.199999999999999734e-01,6.499814893967502671e-01,1.406991264029310851e-01
2.299999999999999822e-01,6.499822421545352613e-01,1.291031004835108409e-01
2.399999999999999911e-01,6.499829764468009197e-01,1.190792126025754516e-01
2.500000000000000000e-01,6.499836953193555145e-01,1.104146442224418351e-01
2.600000000000000089e-01,6.499844012515695324e-01,1.029254387126223164e-01
2.700000000000000178e-01,6.499850962786233310e-01,9.645259498819146182e-02
2.800000000000000266e-01,6.499857820831435040e-01,9.085869120205342098e-02
2.900000000000000355e-01,6.499864600649544188e-01,8.602496674953120925e-02
3.000000000000000444e-01,6.499871313949151519e-01,8.184880058936742919e-02
3.100000000000000533e-01,6.499877970569951646e-01,7.824153231078476156e-02
3.200000000000000622e-01,6.499884578815352532e-01,7.512657966157629263e-02
3.300000000000000711e-01,6.499891145718121876e-01,7.243781255267346675e-02
3.399999999999999689e-01,6.499897677254553585e-01,7.011814900458605837e-02
3.499999999999999778e-01,6.499904178518599585e-01,6.811834321664857195e-02
3.599999999999999867e-01,6.499910653864576782e-01,6.639594002155901897e-02
3.699999999999999956e-01,6.499917107024951735e-01,6.491437352213731693e-02
3.800000000000000044e-01,6.499923541208220135e-01,6.364219076977904732e-02
3.900000000000000133e-01,6.499929959180756889e-01,6.255238399988512221e-02
4.000000000000000222e-01,6.499936363335694356e-01,6.162181724508864616e-02
4.100000000000000311e-01,6.499942755751234591e-01,6.083073515139130610e-02
4.200000000000000400e-01,6.499949138240330715e-01,6.016234356798016991e-02
4.300000000000000488e-01,6.499955512393312818e-01,5.960245300561468201e-02
4.400000000000000577e-01,6.499961879614724047e-01,5.913917739344446561e-02
4.500000000000000666e-01,6.499968241155442694e-01,5.876268173830843933e-02
4.599999999999999645e-01,6.499974598140959570e-01,5.846497332891453097e-02
4.699999999999999734e-01,6.499980951596580070e-01,5.823973205187016333e-02
4.799999999999999822e-01,6.499987302470195960e-01,5.808217621696036559e-02
4.899999999999999911e-01,6.499993651653188653e-01,5.798896104299441218e-02
5.000000000000000000e-01,6.500000000000000222e-01,5.795810764897332823e-02
